{
  "field_1": "xI84Wa8m",
  "field_2": 785,
  "field_3": 68.23055259155107,
  "field_4": false,
  "field_5": "959MJDA9h1",
  "field_6": 187,
  "field_7": 3.4427296445983178,
  "field_8": true,
  "field_9": "r0hz9y",
  "field_10": 59,
  "field_11": 121.2923432474499,
  "field_12": false,
  "field_13": "MbBbavdlXTMi",
  "field_14": 388,
  "field_15": 116.38784023810902,
  "field_16": false,
  "field_17": "NMe8y6r",
  "field_18": 232,
  "field_19": 32.21339749212087,
  "field_20": true,
  "field_21": "3sDLawp2O",
  "field_22": 167,
  "field_23": 109.22320872361298,
  "field_24": false,
  "field_25": "lzxtH",
  "field_26": 46,
  "field_27": 8.785681430522681,
  "field_28": true,
  "field_29": "B6HXH6PZFHb",
  "field_30": 300,
  "field_31": 43.58263276864613,
  "field_32": false,
  "field_33": "uY3Yf4gP",
  "field_34": 65,
  "field_35": 53.51318894067179,
  "field_36": false,
  "field_37": "R8zpIQfUl4",
  "field_38": 259,
  "field_39": 51.77119066385285,
  "field_40": false,
  "field_41": "ARBEoV",
  "field_42": 282,
  "field_43": 72.91193526327736,
  "field_44": false,
  "field_45": "IcRx28aGAQ6P",
  "field_46": 450,
  "field_47": 32.19678558789923,
  "field_48": true,
  "field_49": "feG3th6",
  "field_50": 452,
  "field_51": 108.18197533035884,
  "field_52": false,
  "field_53": "wmOGVAqRH",
  "field_54": 242,
  "field_55": 142.78133059131127,
  "field_56": true,
  "field_57": "LLCeH7gQ",
  "field_58": 820,
  "field_59": 52.2883999122839,
  "field_60": true,
  "field_61": "1aAm7BtMqa",
  "field_62": 301,
  "field_63": 61.08466462009858,
  "field_64": true,
  "field_65": "WTreT5FNp8W",
  "field_66": 63,
  "field_67": 36.17154872735236,
  "field_68": true,
  "field_69": "J91Ryi",
  "field_70": 121,
  "field_71": 35.72384359368641,
  "field_72": false,
  "field_73": "zgJNVHTHpigq",
  "field_74": 131,
  "field_75": 65.71309385910251,
  "field_76": true,
  "field_77": "1WjeWTo",
  "field_78": 113,
  "field_79": 2.952516685524681,
  "field_80": false,
  "field_81": "HzWmoQ1PI",
  "field_82": 411,
  "field_83": 85.43939869887048,
  "field_84": false,
  "field_85": "5InP2UYV",
  "field_86": 74,
  "field_87": 39.877728594670785,
  "field_88": true,
  "field_89": "aa7T3ELFZQ",
  "field_90": 15,
  "field_91": 75.87484414716613,
  "field_92": true,
  "field_93": "wo7gto1PbLi",
  "field_94": 748,
  "field_95": 40.439398153693375,
  "field_96": false,
  "field_97": "YV1l0Y",
  "field_98": 188,
  "field_99": 87.89920847511551,
  "field_100": false
}